rating,review
5,"Absolutely amazing food! The perfectly cooked steak was incredibly juicy, and the outstanding service made the experience unforgettable."
4,"Great atmosphere with a cozy vibe and delicious food, but the wait time was painfully long, which ruined part of the experience."
3,"The food was fairly decent, but honestly, nothing remarkable. Probably wouldn’t go out of my way to return anytime soon."
2,"Shockingly slow service, and the food arrived disappointingly cold. Not exactly the best experience, to say the least."
1,"A downright terrible experience! The waiter was shockingly rude, and my food was disgustingly undercooked."
5,"The best pizza I’ve had in years! The crust was irresistibly crispy, the toppings were incredibly fresh, and the customer service was exceptionally friendly."
4,"Really good sushi with beautifully presented rolls, but slightly overpriced considering the small portion size."
3,"Just an average burger place. The patty was a bit dry, but the golden, crispy fries were way better than the burger itself."
2,"Deeply disappointed. The pasta was ridiculously overcooked, and the watery sauce tasted like it came straight from a cheap jar."
1,"Absolutely horrible! I found a long hair in my salad, and shockingly, they didn’t even bother to apologize."
5,An incredible brunch spot! The wonderfully fluffy pancakes were bursting with flavor and melted in my mouth.
4,"A charming little café with exceptionally rich coffee and a super friendly staff, but unfortunately, the seating was uncomfortably limited."
3,"Decent Mexican food with bold flavors, but honestly, I’ve had far better dishes elsewhere."
2,"Service was painfully slow, and they somehow managed to mess up my order not once, but twice."
1,Quite possibly the worst dining experience ever. The food was unbearably bland and took forever to arrive at the table.
5,"Absolutely love this place! The seafood is always refreshingly fresh, expertly prepared, and bursting with exquisite flavors."
4,"Good ambiance with a relaxing atmosphere and tasty dishes, but the disappointingly small portion sizes left me wanting more."
3,"An okay experience. Nothing particularly memorable stood out, but it wasn’t exactly bad either."
2,Not impressed at all. The overly greasy food left me feeling uncomfortably sick for hours.
1,"Absolutely disgusting. The restaurant smelled awful, and my dish was practically inedible."
5,"Authentic Italian food with perfectly homemade pasta and a divinely rich, flavorful sauce."
4,"A nice little family-owned restaurant with warm hospitality, attentive service, and mouthwateringly delicious meals."
3,"A decent diner, but frustratingly, the food took an excessively long time to arrive."
2,"The drinks were expertly crafted, but the bland and underwhelming food was a complete letdown."
1,Horrendously rude staff and an outrageously overpriced menu. I will absolutely never go back.
5,"Everything was unbelievably perfect! The exquisite flavors, the flawless presentation, and the exceptional hospitality made this an unforgettable meal."
4,"A good experience overall. The steak was marvelously juicy, but the uninspiring side dishes were just okay."
3,Typical fast-food quality—edible but entirely forgettable and lacking any real character.
2,"Wouldn’t recommend it at all. The soup was unacceptably cold, and the bread was stale and tasteless."
1,"Horrible customer service, and my dish had an unpleasantly weird taste that ruined the meal."
5,"Absolutely delicious BBQ! The fall-off-the-bone tender ribs were smothered in a fantastic, smoky sauce."
4,"I loved the bold and flavorful appetizers, but unfortunately, the main course was disappointingly average."
3,"The food was decent, but honestly, way too pricey for what you get."
2,Not a great experience overall. The food took ridiculously long to arrive and wasn’t even hot when it finally did.
1,"Stay far away! The driest, most flavorless burger I’ve ever had in my entire life."
5,"An amazing experience! The incredibly talented chef even came out to personally greet us, which was a lovely touch."
4,"Really good Thai food with explosively rich flavors, but the spice level was uncomfortably high for me."
3,"Mediocre pizza. I’ve had better frozen pizza from a grocery store, which is honestly quite disappointing."
2,"Uncomfortably cramped seating, and the food took an absurdly long time to be served."
1,"They completely botched my order and didn’t even attempt to fix it, which was beyond frustrating."
5,"The absolute best seafood in town! Everything was incredibly fresh, beautifully seasoned, and bursting with vibrant flavors."
4,"Nice decor and well-prepared food, but the portions were disappointingly small for the price."
3,"Just an okay place. Nothing particularly exciting, but nothing truly terrible either."
2,"Bland flavors, inattentive service, and an overall underwhelming experience. I wouldn’t recommend it."
1,"Absolutely awful. The burnt food was barely edible, and the disgustingly dirty tables were unacceptable."
5,This restaurant never fails to impress! Every meal is consistently fantastic and prepared to perfection.
4,"A pretty good experience. The drinks were absolutely excellent, but the food itself was just fine."
3,"Standard diner food—nothing extraordinary, but nothing particularly bad either."
2,Not worth the money. The absurdly small portions and ridiculously long wait times were a huge letdown.
1,"Never coming back. Hands down, the worst meal I’ve had in years. Completely unacceptable!"
